price_h,price_m,price
17621.454545454544,5500.0,11560.727272727272
18666.0,18869.8,18767.9
15877.504347826087,12500.416666666666,14188.960507246376
17073.347826086956,14513.714285714286,15793.531055900621
16232.01680672269,13372.6875,14802.352153361346
16237.72602739726,14240.529411764706,15239.127719580983
17349.301075268817,15873.846153846154,16611.573614557485
17247.0,12895.833333333334,15071.416666666668
17726.672727272726,16870.363636363636,17298.51818181818
17209.89430894309,18288.7,17749.297154471547
18457.2688172043,14906.8,16682.03440860215
16570.452229299364,14105.894736842105,15338.173483070736
17278.326666666668,15402.666666666666,16340.496666666666
16243.762237762237,13890.35,15067.056118881119
16829.965753424658,14453.9375,15641.951626712329
16220.662162162162,12722.0,14471.33108108108
15456.415254237289,14320.333333333334,14888.374293785311
17282.37278106509,15038.133333333333,16160.25305719921
16499.72972972973,11979.7,14239.714864864865
18853.12582781457,14553.181818181818,16703.153822998192
20951.030534351146,19443.5625,20197.29651717557
19150.355555555554,13525.2,16337.777777777777
19759.036036036036,15721.42857142857,17740.232303732304
23602.13294797688,16619.263157894737,20110.698052935808
24267.880952380954,15479.611111111111,19873.74603174603
28828.68396226415,18447.466666666667,23638.075314465408
25757.56779661017,18203.761904761905,21980.664850686037
26102.825396825396,18781.0,22441.9126984127
26267.699152542373,18013.51851851852,22140.608835530446
25222.9,18072.166666666668,21647.533333333333
25569.1935483871,19139.043478260868,22354.118513323985
28049.16888888889,17105.0,22577.084444444445
27399.502242152466,20443.473684210527,23921.4879631815
25719.3,17797.04761904762,21758.17380952381
24957.119266055044,21797.375,23377.247133027522
23500.045454545456,15987.5,19743.772727272728
23789.90338164251,19856.17391304348,21823.038647342997
24023.82222222222,22125.5,23074.661111111112
26400.567164179105,17396.30769230769,21898.4374282434
23758.0,,
23618.962962962964,,
19370.18181818182,18161.0,18765.59090909091
19011.825396825396,15756.857142857143,17384.34126984127
16891.101265822785,17326.0,17108.550632911392
18430.465909090908,16229.818181818182,17330.142045454544
18952.074626865673,17190.545454545456,18071.310040705564
17311.77192982456,13971.64705882353,15641.709494324044
17423.27192982456,13742.384615384615,15582.828272604587
16091.4,15026.421052631578,15558.910526315789
18866.875,11830.764705882353,15348.819852941177
17281.236559139787,14300.916666666666,15791.076612903227
16626.44871794872,14108.833333333334,15367.641025641027
16785.247863247863,15610.07142857143,16197.659645909647
16195.682242990653,12480.923076923076,14338.302659956866
15558.327731092437,16958.0,16258.16386554622
16277.359375,13116.058823529413,14696.709099264706
16898.398305084746,13260.25,15079.324152542373
16778.382352941175,14083.75,15431.066176470587
16122.876811594202,13771.0625,14946.9696557971
16061.699248120301,14184.388888888889,15123.044068504594
16616.511627906977,14849.333333333334,15732.922480620156
15633.291338582678,13125.947368421053,14379.619353501865
17605.205607476637,16575.0,17090.10280373832
14865.364583333334,14884.3125,14874.838541666668
15278.644927536232,16289.1875,15783.916213768116
15126.55357142857,13910.4375,14518.495535714286
15887.237288135593,14196.125,15041.681144067796
15365.929203539823,13796.153846153846,14581.041524846834
15927.356643356643,12904.45,14415.903321678321
15408.195652173914,14550.35294117647,14979.274296675192
15563.007352941177,13031.388888888889,14297.198120915033
15614.734848484848,14240.529411764706,14927.632130124777
16532.563909774435,16121.857142857143,16327.21052631579
15094.815384615385,13888.32,14491.567692307694
16864.265151515152,16438.941176470587,16651.60316399287
17470.956043956045,14417.4375,15944.196771978022
16676.68345323741,15900.947368421053,16288.815410829231
16244.10759493671,14884.625,15564.366297468354
16687.304,14514.722222222223,15601.013111111111
18406.457627118645,14157.0,16281.728813559323
15438.2,16465.384615384617,15951.792307692309
16753.165048543688,16758.190476190477,16755.677762367082
16756.637583892618,15414.545454545454,16085.591519219037
17059.30769230769,15252.533333333333,16155.920512820512
16605.5593220339,16394.866666666665,16500.21299435028
17288.021739130436,17870.105263157893,17579.063501144163
16644.97037037037,16784.57894736842,16714.774658869395
15708.621621621622,14592.92857142857,15150.775096525096
19629.20408163265,18154.608695652172,18891.906388642412
16577.612903225807,16745.458333333332,16661.53561827957
16578.417910447763,16192.92857142857,16385.673240938166
16625.291338582676,15612.588235294117,16118.939786938397
16865.053030303032,17003.5,16934.276515151516
15799.2125,18694.0,17246.60625
17079.1015625,16142.111111111111,16610.606336805555
17093.81111111111,15888.555555555555,16491.183333333334
17348.410256410258,15621.684210526315,16485.047233468285
16555.450819672133,18233.625,17394.537909836065
16947.82608695652,16079.8,16513.813043478258
16564.54,18889.882352941175,17727.211176470588
17518.04098360656,15883.157894736842,16700.5994391717
16332.451923076924,16664.4375,16498.44471153846
18464.48148148148,14533.416666666666,16498.949074074073
17451.12598425197,14878.285714285714,16164.705849268841
15963.788732394367,14949.65,15456.719366197183
15614.255319148937,14779.07142857143,15196.663373860183
18192.69387755102,16608.166666666668,17400.430272108846
16564.990825688074,16748.933333333334,16656.962079510704
16719.3417721519,15708.066666666668,16213.704219409283
18168.14285714286,15052.076923076924,16610.109890109892
17664.853658536584,17799.9,17732.376829268294
17899.166666666668,14879.176470588236,16389.17156862745
16972.61151079137,16271.565217391304,16622.088364091338
16905.026315789473,14939.944444444445,15922.48538011696
17749.611650485436,14295.125,16022.368325242718
18315.649484536083,15570.333333333334,16942.991408934708
16350.277777777777,15492.882352941177,15921.580065359478
16111.79207920792,12517.57142857143,14314.681753889676
17736.84892086331,15353.857142857143,16545.353031860228
16382.194444444445,17253.444444444445,16817.819444444445
19498.581395348836,32673.666666666668,26086.124031007752
17315.91176470588,14810.5625,16063.23713235294
17549.049019607843,15699.133333333333,16624.09117647059
17323.8875,16230.8,16777.34375
19860.946428571428,16049.35,17955.148214285713
16870.27358490566,14582.833333333334,15726.553459119496
18963.127272727274,17777.555555555555,18370.341414141414
17181.954545454544,14890.315789473685,16036.135167464116
20028.472,16888.347826086956,18458.409913043477
17567.20253164557,17707.636363636364,17637.41944764097
17087.045454545456,15070.55,16078.797727272728
16994.571428571428,14101.157894736842,15547.864661654134
18675.77894736842,15152.142857142857,16913.96090225564
17618.81981981982,13246.95,15432.88490990991
16944.504132231406,14273.764705882353,15609.13441905688
15891.459770114943,13140.214285714286,14515.837027914615
16153.876033057852,15841.1875,15997.531766528926
18018.84347826087,11576.733333333334,14797.788405797102
17032.78313253012,16566.0,16799.39156626506
17096.760869565216,12220.5,14658.630434782608
15851.220183486239,15363.0,15607.11009174312
17869.9125,18282.454545454544,18076.18352272727
17134.00934579439,15851.277777777777,16492.643561786084
15667.333333333334,14009.944444444445,14838.63888888889
16606.073684210525,15291.933333333332,15949.00350877193
15050.38053097345,12454.411764705883,13752.396147839667
14263.803418803418,11212.866666666667,12738.335042735041
13687.927835051547,12337.538461538461,13012.733148295003
14374.73076923077,11469.5625,12922.146634615385
13589.157407407407,9892.882352941177,11741.019880174292
15112.829268292682,12629.272727272728,13871.050997782706
24085.829545454544,10085.181818181818,17085.50568181818
13511.931818181818,11847.272727272728,12679.602272727272
14474.45,11730.1,13102.275000000001
16229.059701492537,15940.444444444445,16084.752072968491
18202.861538461537,8065.333333333333,13134.097435897434
16631.430555555555,11209.333333333334,13920.381944444445
16139.030927835052,13860.416666666666,14999.72379725086
19033.9375,12279.76923076923,15656.853365384615
16107.0,11609.181818181818,13858.090909090908
15232.029702970298,11025.533333333333,13128.781518151816
16815.577464788734,12620.222222222223,14717.899843505478
13949.244186046511,10363.0625,12156.153343023256
14133.703296703297,9203.76923076923,11668.736263736264
13711.397727272728,8884.833333333334,11298.115530303032
13435.34375,6957.3,10196.321875
14284.385321100917,8749.727272727272,11517.056296914096
11889.527027027027,8405.454545454546,10147.490786240785
12799.863636363636,7504.833333333333,10152.348484848484
14417.222222222223,8219.5,11318.361111111111
12348.0375,9541.5,10944.76875
13002.152173913044,8981.6,10991.876086956523
13309.89393939394,7722.5,10516.19696969697
13318.373134328358,10512.25,11915.311567164179
13526.316666666668,10201.4,11863.858333333334
13961.790322580646,13798.285714285714,13880.03801843318
14404.46875,12027.5,13215.984375
13369.619047619048,11615.0,12492.309523809523
14639.156862745098,12974.333333333334,13806.745098039217
17777.88679245283,11583.0,14680.443396226416
15612.77358490566,9595.833333333334,12604.303459119497
15263.822222222223,12270.666666666666,13767.244444444445
16162.4375,11506.6,13834.51875
15672.75,10687.666666666666,13180.208333333332
19055.285714285714,13127.0,16091.142857142857
17732.09677419355,14861.0,16296.548387096775
16747.0,14906.0,15826.5
18581.548387096773,14644.833333333334,16613.190860215054
20920.275862068964,16517.6,18718.93793103448
16134.08695652174,16421.0,16277.54347826087
21814.057142857142,13946.0,17880.02857142857
20749.303030303032,14981.2,17865.251515151518
21986.5,15194.8,18590.65
21337.088888888888,18570.333333333332,19953.711111111108
22603.896551724138,18539.6,20571.748275862068
22452.227272727272,11423.0,16937.613636363636
23131.055555555555,16332.2,19731.62777777778
26672.125,18654.0,22663.0625
19567.944444444445,8306.0,13936.972222222223
21805.666666666668,12605.333333333334,17205.5
15735.818181818182,5364.0,10549.909090909092
24030.466666666667,3450.0,13740.233333333334
26485.18181818182,15250.0,20867.59090909091
25540.30769230769,10437.5,17988.903846153844
22757.625,11165.333333333334,16961.479166666668
25362.48,12816.666666666666,19089.573333333334
19457.5,16350.0,17903.75
22354.2,10000.0,16177.1
18716.869565217392,9866.0,14291.434782608696
19601.333333333332,5408.333333333333,12504.833333333332
19618.066666666666,11200.0,15409.033333333333
14935.125,,
10538.0,4500.0,7519.0
14379.166666666666,1550.0,7964.583333333333
18265.0,,
12603.5,,
18009.0,,
8467.0,,
16253.2,,
5543.4,,
45200.0,12637.5,28918.75
22551.5,36315.0,29433.25
24416.8,,
18486.9375,60000.0,39243.46875
38723.125,,
29108.7,,
41595.75,,
14518.6,,
23065.25,,
17412.666666666668,,
18512.8,47800.0,33156.4
16160.047619047618,34750.0,25455.02380952381
18397.133333333335,14525.0,16461.066666666666
18992.135135135137,33000.0,25996.067567567567
18627.777777777777,25133.333333333332,21880.555555555555
21037.5,22750.0,21893.75
23541.3125,15641.333333333334,19591.322916666668
22462.85106382979,22654.0,22558.425531914894
25415.97435897436,23253.14285714286,24334.558608058607
25799.703703703704,19703.88888888889,22751.7962962963
24338.876923076925,18166.222222222223,21252.549572649572
24452.35802469136,20518.1,22485.229012345677
24887.68316831683,23202.2,24044.941584158416
24408.849056603773,19913.285714285714,22161.067385444745
24835.869565217392,19422.285714285714,22129.07763975155
24144.75968992248,20767.933333333334,22456.346511627908
22590.448,20658.64285714286,21624.54542857143
21603.5078125,18718.29411764706,20160.90096507353
20995.729032258063,17120.833333333332,19058.281182795698
20238.266666666666,17772.277777777777,19005.272222222222
20319.271317829458,18420.117647058825,19369.69448244414
20000.236641221374,16232.588235294117,18116.412438257747
19063.897058823528,15915.21052631579,17489.55379256966
17749.27868852459,16567.125,17158.201844262294
18010.405594405594,14315.0,16162.702797202797
18211.165413533836,15046.142857142857,16628.654135338347
17987.33846153846,16142.473684210527,17064.906072874495
18839.027777777777,16147.944444444445,17493.48611111111
19424.931297709925,15130.1,17277.515648854962
18252.60162601626,14527.947368421053,16390.274497218656
18971.637583892618,13939.15,16455.39379194631
18135.859154929578,16575.285714285714,17355.572434607646
18972.382978723403,17487.941176470587,18230.162077596993
18188.233576642335,14523.5,16355.866788321167
17280.44262295082,18147.29411764706,17713.86837029894
16383.827067669174,16077.823529411764,16230.825298540469
18034.92361111111,13187.176470588236,15611.050040849674
16435.594202898552,14557.09090909091,15496.342555994732
18533.561538461538,14818.37037037037,16675.965954415955
17910.75352112676,14358.388888888889,16134.571205007825
17839.248062015504,14596.684210526315,16217.966136270908
18808.614754098362,14756.470588235294,16782.542671166826
18496.92142857143,10571.0,14533.960714285715
17472.126865671642,16032.2,16752.16343283582
18256.676258992808,13144.846153846154,15700.76120641948
18639.703125,16003.0,17321.3515625
18546.9126984127,14654.866666666667,16600.889682539684
17474.038095238095,15874.12,16674.07904761905
19238.664,15118.6875,17178.675750000002
16906.564516129034,13270.333333333334,15088.448924731183
18017.241379310344,14074.5,16045.870689655172
16944.213675213676,12882.444444444445,14913.32905982906
19027.285714285714,13239.375,16133.330357142857
16693.91919191919,16713.75,16703.834595959597
20748.888059701494,14762.5,17755.694029850747
18428.954954954956,16476.882352941175,17452.918653948065
19640.418032786885,13613.904761904761,16627.161397345822
18592.63829787234,14194.29411764706,16393.466207759702
18995.88188976378,13613.653846153846,16304.767867958813
18292.722222222223,17095.25,17693.98611111111
19712.37168141593,19199.45,19455.910840707966
19878.256880733945,22653.428571428572,21265.84272608126
20146.616161616163,14170.411764705883,17158.513963161022
19371.959349593497,19202.0,19286.97967479675
20985.0546875,15073.529411764706,18029.292049632353
17096.056074766355,16549.3125,16822.684287383177
19109.81081081081,20115.352941176472,19612.58187599364
18217.222222222223,17603.0,17910.11111111111
24576.292307692307,14967.714285714286,19772.003296703297
18638.425196850392,14813.4375,16725.931348425198
18460.355072463768,14959.117647058823,16709.736359761297
17433.495575221237,16094.315789473685,16763.90568234746
18480.358974358973,15237.958333333334,16859.158653846152
19214.239583333332,16574.315789473683,17894.277686403508
17049.272727272728,13609.8,15329.536363636364
19033.256637168142,15026.0,17029.628318584073
19941.717741935485,16194.227272727272,18067.97250733138
19169.776315789473,16034.529411764706,17602.15286377709
22146.302631578947,17293.30769230769,19719.805161943317
22303.736842105263,11766.75,17035.243421052633
22824.503816793895,16439.785714285714,19632.144765539804
20206.251851851852,15332.538461538461,17769.39515669516
22501.65137614679,15453.266666666666,18977.45902140673
21834.83823529412,17171.41176470588,19503.125
21713.84328358209,16677.666666666668,19195.75497512438
21724.681481481482,16049.941176470587,18887.311328976037
19889.75182481752,15720.125,17804.93841240876
21722.90070921986,16425.954545454544,19074.4276273372
22775.218045112782,15292.55,19033.88402255639
21481.12101910828,14862.526315789473,18171.823667448876
33153.134969325154,16508.722222222223,24830.928595773687
26212.02298850575,14279.130434782608,20245.57671164418
25652.0,14789.1875,20220.59375
31923.81553398058,20438.428571428572,26181.122052704577
28553.832369942196,15505.181818181818,22029.507094062006
31453.770750988144,19327.09375,25390.432250494072
30074.455284552845,21907.39285714286,25990.924070847854
29979.350806451614,20939.0,25459.175403225807
30708.060240963856,21600.285714285714,26154.172977624785
30890.404166666667,20072.966666666667,25481.685416666667
30122.69406392694,20925.64,25524.167031963472
37579.5,,
29682.497872340424,21543.423076923078,25612.96047463175
30230.935960591134,18998.958333333332,24614.947146962233
35620.03076923077,29080.88888888889,32350.45982905983
32073.833333333332,29602.64285714286,30838.238095238095
31985.219298245614,20343.25,26164.23464912281
32846.532258064515,14416.666666666666,23631.59946236559
28848.5,,
29709.090909090908,21000.0,25354.545454545456
29280.0,,
23099.052631578947,25666.666666666668,24382.85964912281
21160.82051282051,18398.4,19779.610256410255
23156.72602739726,16634.25,19895.488013698632
21069.197183098593,14849.545454545454,17959.371318822024
20259.192771084337,14001.181818181818,17130.187294633077
21936.438095238096,17143.066666666666,19539.75238095238
22685.203883495145,14513.357142857143,18599.280513176145
19702.666666666668,16583.777777777777,18143.222222222223
20272.438848920865,15086.875,17679.656924460432
20166.674418604653,17145.444444444445,18656.059431524547
21485.696202531646,14851.0,18168.348101265823
19375.514563106797,13910.75,16643.1322815534
18690.966666666667,14407.666666666666,16549.316666666666
19006.0,15076.9375,17041.46875
19138.310924369747,15164.846153846154,17151.57853910795
19289.818965517243,15284.411764705883,17287.115365111564
20229.20202020202,15043.384615384615,17636.29331779332
21673.990566037737,15529.583333333334,18601.786949685535
31833.5,20541.5,26187.5
31033.0,,
21028.4126984127,14278.625,17653.51884920635
19858.065934065933,18175.923076923078,19016.994505494506
18987.232,15344.142857142857,17165.68742857143
19576.233644859814,14976.333333333334,17276.283489096575
19678.450819672133,16590.722222222223,18134.586520947178
18760.24705882353,23420.533333333333,21090.39019607843
22001.704225352114,25653.470588235294,23827.587406793704
19593.445454545454,14726.333333333334,17159.889393939393
19304.82608695652,18161.0,18732.91304347826
20216.618556701033,17458.466666666667,18837.54261168385
20203.932773109245,16178.466666666667,18191.199719887954
19316.845238095237,18701.176470588234,19009.010854341737
20504.43307086614,16650.25,18577.341535433072
20482.48214285714,16900.9375,18691.709821428572
18949.324786324785,15677.642857142857,17313.483821733822
20509.94495412844,14789.57142857143,17649.758191349934
19731.833333333332,15572.785714285714,17652.309523809523
20276.18181818182,13465.764705882353,16870.973262032086
18264.89393939394,17192.8125,17728.853219696968
18714.58620689655,14361.666666666666,16538.126436781607
18950.066666666666,16756.117647058825,17853.092156862745
20043.14049586777,19250.470588235294,19646.80554205153
21182.61467889908,15491.8125,18337.21358944954
21693.44871794872,20440.727272727272,21067.087995337995
20347.560344827587,20309.4,20328.480172413794
22726.375,18219.0,20472.6875
21010.22314049587,17449.916666666668,19230.06990358127
20279.38613861386,18507.066666666666,19393.226402640263
20225.30769230769,17143.777777777777,18684.542735042734
21150.493506493505,29938.5,25544.496753246753
20560.36641221374,19729.263157894737,20144.814785054237
19897.98113207547,17101.125,18499.553066037734
20286.33043478261,19393.416666666668,19839.87355072464
20800.35652173913,21502.846153846152,21151.601337792643
18876.224,14394.894736842105,16635.55936842105
21872.86813186813,20597.533333333333,21235.20073260073
21300.82300884956,19282.928571428572,20291.875790139064
19072.94690265487,16548.214285714286,17810.580594184576
20708.5,19084.583333333332,19896.541666666664
21069.184210526317,19757.117647058825,20413.150928792573
19391.436363636363,18427.69230769231,18909.564335664334
22185.80821917808,22040.0,22112.904109589042
21196.372881355932,19926.058823529413,20561.21585244267
20362.847619047618,15023.42857142857,17693.138095238093
21861.384615384617,17623.8,19742.592307692306
21626.73949579832,19660.0,20643.36974789916
20773.011764705883,17216.30769230769,18994.659728506787
21049.554054054053,17028.6,19039.077027027026
20876.889830508473,22286.666666666668,21581.778248587572
21306.14893617021,22088.363636363636,21697.256286266922
23002.258928571428,17509.0,20255.629464285714
22410.747899159665,18282.65,20346.698949579833
22806.48245614035,17059.052631578947,19932.76754385965
20436.58108108108,20431.222222222223,20433.90165165165
23119.18181818182,18785.117647058825,20952.149732620324
22230.68695652174,17223.466666666667,19727.076811594205
21951.760683760684,17910.571428571428,19931.166056166054
21861.34677419355,21373.214285714286,21617.280529953918
20570.077586206895,18615.0625,19592.57004310345
19124.29508196721,21460.285714285714,20292.29039812646
22264.4,22498.454545454544,22381.427272727273
19815.625,18474.846153846152,19145.235576923078
19273.617021276597,17796.18181818182,18534.89941972921
21128.957446808512,20064.066666666666,20596.51205673759
18790.917525773195,19097.733333333334,18944.325429553264
21424.77049180328,16139.0,18781.88524590164
21303.632075471698,18852.785714285714,20078.208894878706
19613.902173913044,17130.875,18372.38858695652
21266.33009708738,14578.272727272728,17922.30141218005
23608.397727272728,19701.2,21654.798863636366
21414.617021276597,15823.6,18619.1085106383
21157.01724137931,17818.5,19487.758620689656
23427.62626262626,22109.5,22768.56313131313
24782.18181818182,15659.444444444445,20220.81313131313
22201.0,18414.46153846154,20307.73076923077
21170.65168539326,20034.30769230769,20602.479688850475
22508.735632183907,18993.5,20751.11781609195
23290.054545454546,20714.666666666668,22002.360606060607
24441.152380952382,18914.571428571428,21677.861904761907
22752.379310344826,20172.4,21462.389655172414
22790.75,18980.30769230769,20885.528846153844
22634.147727272728,15493.90909090909,19064.028409090908
23751.09756097561,20461.625,22106.361280487807
25480.842857142856,19500.81818181818,22490.830519480518
22776.02608695652,19075.583333333332,20925.804710144927
22401.204301075268,20360.14285714286,21380.67357910906
22500.425742574258,19260.0,20880.212871287127
22606.40740740741,20141.0,21373.703703703704
21919.463157894737,18299.923076923078,20109.693117408908
21932.927536231884,22890.555555555555,22411.741545893718
24123.13888888889,21231.909090909092,22677.52398989899
21158.168674698794,20129.923076923078,20644.045875810938
22582.941860465115,19622.4,21102.670930232558
20532.09756097561,14925.615384615385,17728.856472795498
22171.141176470588,17175.846153846152,19673.49366515837
21064.618181818183,17117.090909090908,19090.854545454546
21327.144329896906,16862.571428571428,19094.857879234165
21327.32857142857,14742.818181818182,18035.073376623375
21578.011235955055,19965.333333333332,20771.67228464419
20058.757142857143,16932.0,18495.37857142857
21475.5,13649.0,17562.25
17018.849056603773,10539.875,13779.362028301886
21289.62365591398,19803.75,20546.68682795699
20907.458333333332,15335.923076923076,18121.690705128203
21789.84375,14746.25,18268.046875
21882.172839506173,17716.9375,19799.555169753086
22070.83870967742,15850.538461538461,18960.68858560794
20072.64,9575.0,14823.82
20515.40776699029,18162.545454545456,19338.976610767873
21033.20930232558,15977.714285714286,18505.46179401993
20711.722222222223,18538.636363636364,19625.179292929293
21182.323076923076,15498.5,18340.411538461536
19248.4,12723.25,15985.825
20448.958333333332,10335.2,15392.079166666666
20774.636363636364,11612.5,16193.568181818182
20175.166666666668,21748.777777777777,20961.972222222223
18180.260273972603,14712.57142857143,16446.415851272017
19574.423076923078,14188.5,16881.46153846154
18445.015625,16471.333333333332,17458.174479166664
17655.365853658535,13396.6,15525.982926829267
20567.342857142856,22512.833333333332,21540.088095238094
20274.603448275862,18123.85714285714,19199.2302955665
19335.169491525423,16022.75,17678.95974576271
42540.28888888889,14722.0,28631.144444444446
20068.409090909092,15260.0,17664.204545454544
22409.409090909092,,
19964.162162162163,14723.333333333334,17343.747747747748
19745.704545454544,11770.333333333334,15758.01893939394
17657.5,17833.0,17745.25
24966.166666666668,15352.333333333334,20159.25
19311.07894736842,15583.2,17447.139473684212
21989.11111111111,9700.0,15844.555555555555
21600.085714285713,14975.5,18287.792857142857
23261.612903225807,18855.4,21058.506451612906
25697.785714285714,16375.25,21036.517857142855
22815.076923076922,17648.666666666668,20231.871794871797
21030.708333333332,10241.0,15635.854166666666
17569.333333333332,19250.0,18409.666666666664
20556.878787878788,16366.666666666666,18461.772727272728
24975.5,6742.0,15858.75
21010.043478260868,15305.666666666666,18157.855072463768
23677.333333333332,10042.5,16859.916666666664
24072.571428571428,8575.0,16323.785714285714
23003.866666666665,7827.666666666667,15415.766666666666
28956.055555555555,15008.333333333334,21982.194444444445
25178.785714285714,6486.0,15832.392857142857
32154.2,5625.0,18889.6
29225.466666666667,16800.0,23012.733333333334
23442.153846153848,10455.333333333334,16948.74358974359
16264.625,8250.0,12257.3125
18220.375,11667.0,14943.6875
15527.0,8958.0,12242.5
8276.142857142857,5450.0,6863.071428571428
11883.333333333334,5300.0,8591.666666666668
6800.0,9000.0,7900.0
18267.5,7500.0,12883.75
28963.5,,
31063.75,,
23433.75,,
17720.0,,
11178.6,,
7937.5,,
6844.333333333333,,
5041.5,,
3320.0,,
5400.0,,
4250.0,,
7500.0,,
4292.0,,
9325.0,,
9194.333333333334,,
17025.75,,
12611.111111111111,,
10077.166666666666,,
14325.6,,
13546.6,,
13051.777777777777,,
20133.4,,
16700.0,17100.0,16900.0
17996.0,22850.0,20423.0
20108.222222222223,,
22782.2,23021.0,22901.6
21500.66129032258,25168.428571428572,23334.544930875578
21013.777777777777,19283.285714285714,20148.531746031746
21953.54054054054,20124.636363636364,21039.08845208845
19712.170731707316,22599.5,21155.835365853658
20406.81818181818,18317.4,19362.109090909093
18557.06,17049.666666666668,17803.363333333335
18585.090163934427,15816.916666666666,17201.003415300547
17473.36641221374,16268.933333333332,16871.149872773538
18144.79487179487,16279.153846153846,17211.97435897436
16844.992592592593,14926.29411764706,15885.643355119826
16695.629921259842,14245.5,15470.564960629921
16714.23275862069,16097.57142857143,16405.902093596058
16694.257575757576,13908.95652173913,15301.607048748352
16568.752,15651.666666666666,16110.209333333332
17029.818840579712,12890.55,14960.184420289856
17534.737588652482,18186.545454545456,17860.64152159897
16291.157534246575,13961.6,15126.378767123288
19596.655405405407,13362.434782608696,16479.54509400705
16294.856209150326,13296.72,14795.788104575164
15387.037313432837,14689.944444444445,15038.49087893864
14067.551948051949,11483.208333333334,12775.380140692641
15049.613861386139,12570.35,13809.98193069307
15806.810526315789,12664.411764705883,14235.611145510837
15649.313432835821,12695.888888888889,14172.601160862356
13942.525974025973,11907.9375,12925.231737012986
18949.80981595092,11296.95652173913,15123.383168845026
18151.337931034483,12592.0,15371.668965517241
13692.198473282442,12407.727272727272,13049.962873004857
14248.741007194245,11293.777777777777,12771.259392486012
12763.017699115044,10353.5,11558.258849557522
13513.427419354839,8558.733333333334,11036.080376344085
13377.097014925374,10012.15,11694.623507462686
16044.12658227848,9349.7,12696.91329113924
12595.049295774648,10581.277777777777,11588.163536776214
13500.376923076923,10678.64705882353,12089.511990950226
12423.504347826087,11071.75,11747.627173913042
13357.714285714286,10092.785714285714,11725.25
13970.25641025641,13241.9375,13606.096955128205
13430.610687022901,12697.866666666667,13064.238676844783
13338.779527559054,10189.555555555555,11764.167541557305
12507.345070422536,12133.066666666668,12320.205868544603
13520.382352941177,10999.615384615385,12259.99886877828
13866.955223880597,10340.1875,12103.5713619403
13619.377777777778,9766.1875,11692.78263888889
13290.631205673759,10241.35294117647,11765.992073425114
15780.741007194245,9498.714285714286,12639.727646454267
13447.866666666667,11301.6875,12374.777083333334
14168.62886597938,10814.307692307691,12491.468279143537
14381.546762589927,13004.529411764706,13693.038087177316
15394.310924369747,11772.846153846154,13583.578539107952
14762.858267716536,13193.388888888889,13978.123578302711
15775.248062015504,10727.64705882353,13251.447560419518
13389.812949640287,11115.4375,12252.625224820144
14265.36936936937,11474.222222222223,12869.795795795795
13528.78523489933,12915.375,13222.080117449665
12972.390625,12350.368421052632,12661.379523026317
12943.150793650793,14047.714285714286,13495.43253968254
15014.408759124088,10025.8,12520.104379562043
13126.60447761194,10698.533333333333,11912.568905472635
15260.48,10677.5,12968.99
15829.657894736842,13166.888888888889,14498.273391812865
13864.814285714287,12130.526315789473,12997.67030075188
15445.0,10338.5,12891.75
14854.352459016394,10359.142857142857,12606.747658079625
13809.159663865546,10170.9,11990.029831932774
13763.009433962265,12428.214285714286,13095.611859838275
14463.652892561984,12580.92857142857,13522.290731995277
15925.103092783505,15295.888888888889,15610.495990836196
18545.486486486487,20900.0,19722.743243243243
18596.535211267605,16168.75,17382.642605633802
16791.5641025641,10879.611111111111,13835.587606837606
19804.733695652172,13844.8,16824.766847826086
19821.87222222222,13911.066666666668,16866.469444444443
20992.515789473684,12858.0,16925.257894736842
22581.35944700461,12757.411764705883,17669.385605855245
21098.4769874477,13932.193548387097,17515.3352679174
20729.16591928251,13856.217391304348,17292.691655293427
27940.0,,
20392.72586872587,14348.045454545454,17370.38566163566
18395.938775510203,14773.95,16584.944387755102
21494.84234234234,15820.875,18657.85867117117
21238.237209302326,15895.727272727272,18566.982241014797
22358.055,16926.35,19642.2025
22852.4,17087.85714285714,19970.12857142857
30972.8,18591.5,24782.15
23042.111675126904,17410.647058823528,20226.379366975216
26607.696202531646,20166.0,23386.848101265823
25780.290598290598,17993.0625,21886.676549145297
32790.34482758621,17268.571428571428,25029.45812807882
26625.0,12600.0,19612.5
21282.28125,12181.666666666666,16731.973958333332
18316.51388888889,14261.8,16289.156944444445
19268.059523809523,15888.444444444445,17578.251984126982
17672.36046511628,13804.142857142857,15738.251661129569
15754.645161290322,14118.0,14936.322580645161
17048.626086956523,13973.4375,15511.031793478262
16723.16964285714,12765.357142857143,14744.263392857141
16306.904347826086,13600.0,14953.452173913043
14936.203883495145,12984.454545454546,13960.329214474845
15593.647540983606,12015.176470588236,13804.412005785922
13754.164179104477,11648.555555555555,12701.359867330015
15832.014925373134,12334.5,14083.257462686568
13526.549549549549,9246.111111111111,11386.33033033033
13873.098214285714,12578.117647058823,13225.607930672268
13133.079207920791,13376.666666666666,13254.872937293729
14733.147826086957,15158.57142857143,14945.859627329193
14237.021276595744,11674.636363636364,12955.828820116054
15614.061643835616,13973.75,14793.905821917808
15128.555555555555,14069.0,14598.777777777777
14464.5,12990.857142857143,13727.678571428572
15106.401709401709,14066.785714285714,14586.59371184371
14156.818897637795,13030.92857142857,13593.873734533183
15081.06976744186,14013.636363636364,14547.353065539111
15579.752066115703,15109.818181818182,15344.785123966944
16738.689655172413,14426.727272727272,15582.708463949843
20601.405405405407,18236.4,19418.902702702704
16665.690265486726,15769.916666666666,16217.803466076697
17340.205607476637,17756.545454545456,17548.375531011046
17738.46153846154,16578.375,17158.41826923077
17939.943661971833,14893.777777777777,16416.860719874807
18626.8,16716.8,17671.8
18742.380597014926,19617.166666666668,19179.7736318408
16348.853846153846,15859.57142857143,16104.212637362638
16526.085714285713,17553.4,17039.742857142857
16338.236559139785,15214.833333333334,15776.53494623656
16644.849673202614,14406.615384615385,15525.732528909
16560.870229007633,13177.235294117647,14869.05276156264
16738.80991735537,15191.857142857143,15965.333530106258
15932.056910569107,17401.53846153846,16666.797686053782
16939.445945945947,16607.190476190477,16773.31821106821
16889.882978723403,16445.214285714286,16667.548632218844
16765.65359477124,14253.29411764706,15509.47385620915
15920.7734375,18246.066666666666,17083.420052083333
16104.832061068702,16444.571428571428,16274.701744820064
17537.594202898552,13781.214285714286,15659.404244306419
15885.131147540984,14858.0,15371.565573770491
16364.864583333334,16107.529411764706,16236.196997549021
16313.727272727272,17111.6,16712.663636363635
15843.176991150442,13809.176470588236,14826.176730869338
16421.00826446281,14127.055555555555,15274.031910009182
16700.74074074074,16613.14285714286,16656.9417989418
18434.57264957265,16854.64285714286,17644.607753357755
18743.69318181818,14871.375,16807.53409090909
17823.88028169014,18020.153846153848,17922.017063921994
16797.370078740158,16569.882352941175,16683.626215840668
17603.410447761195,16375.333333333334,16989.371890547263
17805.075757575756,16390.8125,17097.94412878788
17312.52142857143,16691.944444444445,17002.232936507935
17243.160714285714,16645.055555555555,16944.108134920636
17567.212903225805,17631.466666666667,17599.339784946234
16713.739837398374,16815.526315789473,16764.633076593924
17186.396946564884,17270.6,17228.49847328244
16551.203125,16936.533333333333,16743.868229166666
17271.858156028367,15276.8,16274.329078014183
17744.12745098039,14295.333333333334,16019.730392156864
18043.927631578947,15976.333333333334,17010.13048245614
18782.064,17565.352941176472,18173.708470588237
19161.1,17091.571428571428,18126.335714285713
18818.355140186915,15661.636363636364,17239.99575191164
19551.536585365855,15921.785714285714,17736.661149825784
20995.059523809523,15969.133333333333,18482.09642857143
19518.573529411766,19769.083333333332,19643.82843137255
20063.5625,18033.666666666668,19048.614583333336
19564.16379310345,18030.76923076923,18797.46651193634
20619.15254237288,20858.25,20738.70127118644
21747.962406015038,18695.76923076923,20221.865818392136
21695.6404494382,18875.117647058825,20285.379048248513
23404.909722222223,19550.277777777777,21477.59375
21368.33613445378,17716.923076923078,19542.62960568843
22672.378151260506,18986.875,20829.626575630253
21103.041666666668,19247.714285714286,20175.377976190477
22623.48076923077,17021.875,19822.677884615383
20610.425,14219.5,17414.9625
22618.194915254237,19449.85714285714,21034.02602905569
26317.221238938055,19553.130434782608,22935.175836860333
23478.185185185186,22499.18181818182,22988.683501683503
24504.305263157894,18803.6,21653.952631578948
23194.72972972973,23396.8125,23295.771114864867
24649.655172413793,23357.6,24003.627586206894
22917.100775193798,19695.277777777777,21306.189276485788
25885.40740740741,25380.76923076923,25633.088319088318
24373.412280701756,24767.3,24570.35614035088
25125.287234042553,26697.9,25911.593617021277
26354.2,26806.384615384617,26580.29230769231
25859.0,15318.833333333334,20588.916666666668
26299.78846153846,23324.666666666668,24812.227564102563
28166.4,25730.529411764706,26948.464705882354
27082.966666666667,24876.3,25979.63333333333
29124.58064516129,31074.11111111111,30099.3458781362
28578.327433628318,28347.53846153846,28462.932947583387
30884.810344827587,24785.7,27835.255172413796
30824.318584070796,23675.470588235294,27249.894586153045
31175.31914893617,28707.428571428572,29941.37386018237
28576.273684210526,27778.076923076922,28177.175303643722
27521.84297520661,26982.285714285714,27252.064344746163
31324.618556701033,22626.428571428572,26975.523564064802
29153.78,27605.666666666668,28379.723333333335
28871.344086021505,22273.8,25572.572043010754
31002.2,24252.11111111111,27627.155555555553
29703.986842105263,26969.846153846152,28336.916497975708
29797.58227848101,25916.85714285714,27857.219710669076
31822.618556701033,24665.363636363636,28243.991096532336
30252.526315789473,27332.166666666668,28792.34649122807
29147.01818181818,27971.166666666668,28559.092424242423
30479.267441860466,25873.545454545456,28176.40644820296
30592.766990291264,25196.0,27894.38349514563
31710.3125,25564.833333333332,28637.572916666664
29827.025974025975,24594.444444444445,27210.73520923521
30964.933333333334,25975.0,28469.966666666667
28973.422222222223,22923.909090909092,25948.66565656566
31735.78125,24243.285714285714,27989.533482142855
31309.597826086956,23919.714285714286,27614.65605590062
33683.29113924051,27604.444444444445,30643.867791842476
31294.845238095237,27341.0,29317.92261904762
30592.75925925926,28766.8,29679.77962962963
33978.9010989011,27597.0,30787.95054945055
34115.119402985074,29670.666666666668,31892.893034825873
29837.731707317074,26496.727272727272,28167.229490022175
34924.781818181815,29392.833333333332,32158.80757575757
31710.07608695652,27283.0,29496.53804347826
33382.48148148148,18000.0,25691.24074074074
36462.217948717946,24601.833333333332,30532.02564102564
35855.795454545456,33496.75,34676.27272727273
38263.60294117647,31189.0,34726.30147058824
34329.73611111111,35660.166666666664,34994.95138888889
33885.742424242424,27984.5,30935.121212121212
34284.243902439026,17366.666666666668,25825.455284552845
38908.27027027027,30396.285714285714,34652.277992277996
34288.260273972606,31919.25,33103.75513698631
32738.059701492537,21097.11111111111,26917.585406301823
38971.607142857145,33551.5,36261.55357142857
36727.933333333334,22806.0,29766.966666666667
31957.774193548386,25731.2,28844.487096774195
37799.625,32370.833333333332,35085.229166666664
41331.86111111111,33901.0,37616.430555555555
35951.32352941176,22974.75,29463.03676470588
36331.27272727273,36547.5,36439.38636363637
32814.88524590164,41841.666666666664,37328.27595628415
33129.970588235294,16583.25,24856.610294117647
39389.666666666664,29634.777777777777,34512.22222222222
36539.3125,32850.0,34694.65625
40163.245614035084,20310.714285714286,30236.979949874687
40524.13043478261,37851.75,39187.940217391304
35830.395348837206,23969.285714285714,29899.84053156146
37325.692307692305,19612.5,28469.096153846152
33321.9756097561,34767.25,34044.61280487805
35253.142857142855,12525.25,23889.196428571428
37359.89473684211,20850.0,29104.947368421053
38935.619047619046,20454.0,29694.809523809523
39355.0,27059.5,33207.25
39285.71428571428,20880.666666666668,30083.190476190473
38853.27272727273,37370.833333333336,38112.05303030303
46109.692307692305,27023.0,36566.346153846156
31347.666666666668,30820.0,31083.833333333336
32858.833333333336,53202.5,43030.66666666667
34649.933333333334,30502.5,32576.216666666667
33273.666666666664,19450.0,26361.833333333332
35907.083333333336,37589.5,36748.29166666667
38166.642857142855,29000.0,33583.32142857143
35258.045454545456,40916.25,38087.14772727273
27010.666666666668,38268.75,32639.708333333336
33102.692307692305,33666.666666666664,33384.679487179485
30207.272727272728,,
29631.266666666666,55550.0,42590.63333333333
51644.142857142855,31786.0,41715.07142857143
32957.31578947369,47650.0,40303.65789473684
30149.923076923078,15250.0,22699.96153846154
28339.866666666665,53621.333333333336,40980.6
32226.875,,
24653.833333333332,37372.333333333336,31013.083333333336
25268.285714285714,,
21227.8,67500.0,44363.9
21000.0,,
20601.545454545456,17666.666666666668,19134.106060606064
19644.0,,
17500.0,18600.0,18050.0
21882.333333333332,,
17683.0,,
32000.0,,
34816.0,,
231409.25,,
17750.0,,
25125.0,,
19655.0,,
40300.0,,
20555.666666666668,8550.0,14552.833333333334
72668.5,,
27148.666666666668,,
53108.57142857143,54334.0,53721.28571428571
78875.0,49334.0,64104.5
45913.63636363636,8450.0,27181.81818181818
37992.05882352941,67000.0,52496.029411764706
69934.09090909091,85334.0,77634.04545454546
42458.25,70000.0,56229.125
47275.083333333336,11200.0,29237.541666666668
45884.06060606061,33638.5,39761.280303030304
39673.21875,38858.0,39265.609375
36097.42857142857,31320.8,33709.114285714284
36893.2,,
57138.0,,
45920.21212121212,31825.333333333332,38872.77272727273
41447.72727272727,34097.333333333336,37772.530303030304
40042.66265060241,32241.88888888889,36142.275769745655
36370.64705882353,30466.8,33418.72352941176
33312.22857142857,33767.444444444445,33539.8365079365
31691.61788617886,27063.727272727272,29377.672579453065
29562.201680672268,29924.625,29743.413340336134
28362.341463414636,26264.0,27313.170731707316
28946.535087719298,24249.42105263158,26597.97807017544
27538.98561151079,24972.45,26255.717805755397
30325.37037037037,22453.18181818182,26389.276094276094
26491.0,22250.791666666668,24370.895833333336
26704.08527131783,19471.321428571428,23087.703349944626
27223.98449612403,21740.863636363636,24482.42406624383
26225.436974789915,21624.84,23925.138487394957
25213.614285714284,23482.347826086956,24347.981055900622
28524.848,23755.31818181818,26140.08309090909
24328.075187969924,23419.35,23873.71259398496
24295.86923076923,23750.8,24023.334615384614
22688.432432432433,22340.727272727272,22514.579852579853
22256.905982905984,21851.25,22054.077991452992
22776.204225352114,21347.565217391304,22061.88472137171
22918.082089552237,20057.4,21487.74104477612
22396.939393939392,21549.0,21972.969696969696
24528.042857142857,20223.454545454544,22375.7487012987
28077.246268656716,17688.0,22882.623134328358
25394.848214285714,20499.8,22947.324107142857
23229.46762589928,17350.5625,20290.015062949642
22402.890625,20904.61111111111,21653.750868055555
22199.453846153847,18878.61111111111,20539.032478632478
23146.60975609756,19510.69230769231,21328.651031894937
23294.96,19872.090909090908,21583.52545454545
22800.846153846152,17879.52380952381,20340.18498168498
23846.744360902256,19827.052631578947,21836.898496240603
23516.436974789915,19693.409090909092,21604.923032849503
24485.363636363636,24271.5,24378.431818181816
23188.53097345133,17477.6,20333.065486725664
23716.964912280702,25046.7,24381.83245614035
23356.719298245614,22181.6,22769.159649122805
26756.488372093023,18915.833333333332,22836.160852713176
24971.401785714286,18476.235294117647,21723.818539915967
27705.30708661417,22381.4,25043.353543307087
26685.409836065573,23950.666666666668,25318.03825136612
24996.125,22143.652173913044,23569.88858695652
23961.0,24434.5,24197.75
28171.491525423728,22206.4375,25188.964512711864
27631.023076923077,23278.235294117647,25454.62918552036
27549.714285714286,24992.571428571428,26271.142857142855
27392.509433962263,21548.5,24470.50471698113
26448.45,17810.733333333334,22129.591666666667
27651.5125,21853.846153846152,24752.679326923077
27609.84677419355,23299.0,25454.423387096773
30796.586776859505,22278.555555555555,26537.57116620753
27342.252173913042,18136.4,22739.32608695652
31161.91935483871,24452.666666666668,27807.293010752688
27503.41176470588,26582.333333333332,27042.87254901961
29301.77659574468,23975.4,26638.58829787234
29861.867924528302,25125.714285714286,27493.791105121294
29089.049019607843,15053.2,22071.12450980392
24791.025210084033,24239.0,24515.012605042015
29277.657142857144,21783.133333333335,25530.39523809524
28201.44881889764,27111.35714285714,27656.402980877392
27690.655913978495,22730.916666666668,25210.786290322583
29615.856115107912,26738.941176470587,28177.39864578925
29805.51260504202,30060.5,29933.00630252101
28264.28787878788,22834.117647058825,25549.202762923353
29721.159663865546,20878.52380952381,25299.841736694678
46393.57692307692,26772.375,36582.97596153846
29397.098591549297,23657.5,26527.299295774646
30354.955223880595,26066.722222222223,28210.83872305141
30743.28431372549,23463.666666666668,27103.475490196077
29667.93137254902,26510.8,28089.365686274512
34455.98412698413,25929.1,30192.542063492063
26018.333333333332,,
28045.796875,22161.8,25103.7984375
31077.69387755102,27145.11111111111,29111.402494331065
30036.49193548387,30332.222222222223,30184.35707885305
33985.02380952381,22940.454545454544,28462.739177489177
29025.704225352114,21084.555555555555,25055.129890453834
30532.71111111111,28768.75,29650.730555555558
34030.97247706422,27614.53846153846,30822.75546930134
32292.72972972973,29160.666666666668,30726.6981981982
29991.766423357665,27161.1,28576.433211678832
34557.30894308943,40179.833333333336,37368.57113821138
30016.474452554743,24828.272727272728,27422.373589913735
33637.813725490196,31706.88888888889,32672.351307189543
59913.44755244755,24637.0,42275.22377622378
33498.831775700935,30522.30769230769,32010.56973400431
32075.242424242424,27573.470588235294,29824.35650623886
34877.91836734694,29026.176470588234,31952.047418967588
34825.73426573427,26064.625,30445.179632867133
35685.9375,33631.666666666664,34658.80208333333
39439.30731707317,31608.263157894737,35523.78523748396
40873.43925233645,30672.4,35772.91962616822
41589.49246231156,31905.526315789473,36747.509389050516
41010.102803738315,38642.10526315789,39826.10403344811
42691.986175115206,33932.04761904762,38312.01689708141
45795.70175438596,35954.933333333334,40875.31754385965
43738.43043478261,35639.166666666664,39688.798550724634
43239.59728506787,36754.5,39997.04864253393
42251.31188118812,34722.52,38486.91594059406
47133.990476190476,42011.5,44572.74523809524
44358.93298969072,35458.89473684211,39908.91386326641
44406.70344827586,35907.90909090909,40157.306269592475
57451.5,,
42095.08208955224,32895.833333333336,37495.45771144279
42602.494505494506,31718.0,37160.24725274726
48855.06976744186,32652.666666666668,40753.86821705427
28394.5,,
40374.851851851854,14000.0,27187.425925925927
34130.205882352944,26941.6,30535.90294117647
30816.574468085106,24839.5,27828.037234042553
31354.12,30627.666666666668,30990.893333333333
32990.36,30800.0,31895.18
32518.74418604651,25049.428571428572,28784.086378737542
35317.0,31063.083333333332,33190.041666666664
32512.101123595505,28732.4,30622.25056179775
34604.97727272727,27171.777777777777,30888.377525252523
33344.18309859155,28526.7,30935.441549295778
29794.055555555555,26973.4375,28383.746527777777
33461.666666666664,30621.583333333332,32041.625
30591.704545454544,28392.923076923078,29492.31381118881
31556.65,28089.166666666668,29822.908333333333
31591.739583333332,25620.133333333335,28605.936458333334
30300.416666666668,26198.18181818182,28249.299242424244
29877.82300884956,24604.866666666665,27241.34483775811
31141.370967741936,30027.363636363636,30584.367302052786
30595.49,30336.923076923078,30466.20653846154
29100.029702970296,28875.444444444445,28987.737073707372
28782.052083333332,28937.133333333335,28859.592708333334
142123.78640776698,29124.285714285714,85624.03606102635
27862.084745762713,24514.947368421053,26188.51605709188
28768.11111111111,29560.444444444445,29164.277777777777
28197.589743589742,27958.923076923078,28078.25641025641
27464.916666666668,27017.545454545456,27241.231060606064
26406.23404255319,28495.133333333335,27450.683687943263
27979.626666666667,25843.4,26911.513333333336
26693.343434343435,24305.14285714286,25499.243145743145
27074.032258064515,21006.25,24040.141129032258
27304.22807017544,23123.0,25213.614035087718
27209.61386138614,20923.416666666668,24066.515264026406
34929.15740740741,23604.5,29266.828703703704
27067.32110091743,21968.666666666668,24517.99388379205
28818.7,26437.714285714286,27628.207142857143
26221.26582278481,23276.81818181818,24749.042002301496
28361.333333333332,26628.285714285714,27494.809523809523
24507.30693069307,22576.866666666665,23542.08679867987
28142.010752688173,26037.0,27089.50537634409
27484.747252747253,25353.30769230769,26419.027472527472
27391.152380952382,26023.923076923078,26707.53772893773
26406.211267605635,28435.272727272728,27420.74199743918
29431.41346153846,27975.2,28703.306730769233
26024.047244094487,25737.764705882353,25880.905974988418
29018.924731182797,26742.615384615383,27880.77005789909
26149.554455445545,24342.11111111111,25245.832783278325
25535.170731707316,20142.2,22838.685365853657
28616.103896103898,25452.25,27034.17694805195
29243.04,25166.727272727272,27204.883636363636
25902.79411764706,20089.0,22995.89705882353
28529.48979591837,26247.615384615383,27388.552590266874
29373.649484536083,23021.75,26197.699742268043
26359.035714285714,24794.625,25576.830357142855
29760.6875,23611.416666666668,26686.052083333336
30774.69090909091,34190.0,32482.345454545455
28327.009523809524,24563.533333333333,26445.27142857143
26170.165048543688,22769.222222222223,24469.693635382955
29488.285714285714,25631.5,27559.892857142855
26180.103448275862,22945.066666666666,24562.585057471264
28280.546875,26283.333333333332,27281.940104166664
28762.64,27569.69230769231,28166.166153846156
25975.317757009347,25161.6,25568.458878504673
28107.75,19474.285714285714,23791.017857142855
28313.9875,23344.4,25829.19375
28230.64210526316,15463.6875,21847.16480263158
27495.68253968254,21418.083333333332,24456.882936507936
29341.704761904763,28439.0,28890.352380952383
27185.793478260868,26943.363636363636,27064.578557312252
29190.835443037973,24672.444444444445,26931.63994374121
28441.708333333332,28585.35714285714,28513.532738095237
30362.715789473685,24282.0,27322.357894736844
27220.47619047619,10250.0,18735.238095238095
30880.92391304348,24949.5,27915.21195652174
27718.24,27311.083333333332,27514.661666666667
29522.89108910891,26484.166666666668,28003.528877887788
28382.25,29647.833333333332,29015.041666666664
28171.41176470588,30294.0,29232.70588235294
27449.322580645163,24267.8,25858.56129032258
27109.35238095238,22993.2,25051.27619047619
25164.114035087718,16853.3,21008.707017543857
22091.72857142857,24384.285714285714,23238.007142857143
25111.433333333334,25535.4,25323.416666666668
24554.85714285714,25438.444444444445,24996.65079365079
26104.280701754386,17973.272727272728,22038.77671451356
27016.409090909092,28207.0,27611.704545454544
26952.385714285716,16734.5,21843.442857142858
28456.08823529412,20874.6,24665.34411764706
26300.028985507248,18341.5,22320.764492753624
26576.494505494506,18231.833333333332,22404.16391941392
28902.272727272728,17925.64285714286,23413.957792207795
28898.7125,24796.5,26847.60625
26946.119047619046,22726.714285714286,24836.416666666664
26618.25287356322,22876.3125,24747.28268678161
26242.657534246577,22643.555555555555,24443.106544901064
28213.17777777778,25498.6,26855.88888888889
27406.96,18096.75,22751.855
28876.081395348836,24247.071428571428,26561.57641196013
23478.079545454544,20791.222222222223,22134.65088383838
24720.25,21080.2,22900.225
26090.64197530864,17918.866666666665,22004.754320987653
22569.516129032258,20500.941176470587,21535.228652751422
24822.25,14250.0,19536.125
22558.817204301075,21045.666666666668,21802.24193548387
21782.27659574468,19227.882352941175,20505.07947434293
21846.604938271605,16370.7,19108.652469135803
21437.835164835164,13751.23076923077,17594.532967032967
22588.29761904762,19292.4,20940.34880952381
21229.118644067796,12128.416666666666,16678.76765536723
22443.74226804124,19286.76923076923,20865.255749405234
20413.635416666668,10763.833333333334,15588.734375
21738.304347826088,17533.0,19635.652173913044
21830.724137931036,13874.4,17852.56206896552
20430.319587628866,13619.529411764706,17024.924499696786
22508.98245614035,6569.25,14539.116228070176
20752.978260869564,15562.214285714286,18157.596273291925
19768.29268292683,14746.538461538461,17257.415572232647
20043.025316455696,16336.555555555555,18189.790436005627
20026.08080808081,13272.714285714286,16649.397546897548
21345.782608695652,18443.416666666668,19894.59963768116
19524.60714285714,12919.416666666666,16222.011904761905
21750.824175824175,16305.5,19028.16208791209
18098.022471910113,15701.57142857143,16899.796950240772
19142.296296296296,14844.125,16993.210648148146
18157.94871794872,11243.57142857143,14700.760073260073
15347.532608695652,8165.875,11756.703804347826
14592.581818181818,9840.0,12216.290909090909
15655.831460674157,16132.545454545454,15894.188457609805
15320.643835616438,9107.0,12213.821917808218
17527.464285714286,8926.75,13227.107142857143
13821.986666666666,13888.166666666666,13855.076666666666
13072.60606060606,6262.111111111111,9667.358585858587
14067.15,5025.0,9546.075
15202.706896551725,19996.555555555555,17599.63122605364
16572.701754385966,8878.833333333334,12725.767543859649
15832.021739130434,12957.333333333334,14394.677536231884
16290.652173913044,8672.666666666666,12481.659420289856
12461.117647058823,14410.2,13435.658823529411
15116.628571428571,11511.0,13313.814285714285
15978.056603773584,11133.333333333334,13555.69496855346
14796.89393939394,9840.0,12318.44696969697
16136.3,13043.75,14590.025
14775.533333333333,9669.4,12222.466666666667
15228.02564102564,13212.0,14220.01282051282
13737.290322580646,8516.666666666666,11126.978494623656
16754.054545454546,11333.333333333334,14043.69393939394
21629.79411764706,13375.0,17502.39705882353
16319.585365853658,15042.333333333334,15680.959349593497
19064.36111111111,12183.5,15623.930555555555
16777.155555555557,29625.0,23201.077777777777
17107.11111111111,,
22300.08108108108,18656.375,20478.22804054054
17455.720930232557,10825.0,14140.360465116279
20813.696969696968,16475.0,18644.348484848484
19415.416666666668,13619.0,16517.208333333336
18273.676470588234,4175.0,11224.338235294117
16769.82608695652,3550.0,10159.91304347826
18976.714285714286,11675.0,15325.857142857143
17233.96153846154,3775.0,10504.48076923077
14786.826086956522,14443.75,14615.28804347826
18969.375,4050.0,11509.6875
14832.125,2516.0,8674.0625
12305.444444444445,,
28156.29411764706,18500.0,23328.14705882353
8185.666666666667,6500.0,7342.833333333334
13900.78947368421,8675.0,11287.894736842105
27032.583333333332,8500.0,17766.291666666664
24377.833333333332,9125.0,16751.416666666664
15057.833333333334,,
31171.846153846152,,
30826.75,,
13473.5,,
8854.0,,
33080.0,,
14599.666666666666,14433.333333333334,14516.5
25516.3,1600.0,13558.15
29000.0,,
31822.333333333332,,
10657.833333333334,,
7191.666666666667,,
33214.142857142855,47500.0,40357.07142857143
30688.3,52000.0,41344.15
29303.090909090908,65000.0,47151.545454545456
51131.3,37000.0,44065.65
42738.857142857145,44000.0,43369.42857142857
46741.8,29126.0,37933.9
16846.5,,
14285.5,,
42203.0,,
24850.75,,
14208.666666666666,,
9940.0,28350.0,19145.0
7214.214285714285,,
15927.57142857143,,
6726.333333333333,,
15209.0,1850.0,8529.5
14780.42857142857,12500.0,13640.214285714286
17059.733333333334,,
16622.666666666668,7700.0,12161.333333333334
28127.35714285714,,
25410.8,,
23505.0,25638.833333333332,24571.916666666664
31266.938461538462,21000.0,26133.46923076923
26818.340425531915,26775.0,26796.67021276596
31237.159420289856,33257.375,32247.267210144928
30976.65882352941,32334.11111111111,31655.38496732026
30413.422222222223,26673.0,28543.21111111111
29765.140350877195,25346.23076923077,27555.685560053982
32147.384615384617,24290.384615384617,28218.884615384617
28310.558139534885,30434.571428571428,29372.564784053156
28469.25,24380.933333333334,26425.091666666667
27300.638461538463,22545.666666666668,24923.152564102566
33803.09523809524,18902.61111111111,26352.853174603173
25254.401360544216,21264.470588235294,23259.435974389755
24003.810606060608,18439.666666666668,21221.73863636364
23968.939393939392,20433.8,22201.369696969698
21950.022900763357,17986.434782608696,19968.228841686025
23041.166666666668,19016.222222222223,21028.694444444445
19923.654545454545,16427.2,18175.427272727273
19829.265734265733,18891.88888888889,19360.57731157731
20414.1884057971,16554.923076923078,18484.55574136009
19262.920634920636,17803.47619047619,18533.198412698413
20475.75912408759,15343.583333333334,17909.671228710464
20988.514705882353,17011.333333333332,18999.924019607843
18811.829268292684,15231.25,17021.539634146342
20776.26923076923,15958.055555555555,18367.16239316239
19533.20930232558,15132.714285714286,17332.96179401993
18786.577235772358,15707.4,17246.988617886178
20590.790322580644,15943.733333333334,18267.261827956987
26281.946153846155,18040.133333333335,22161.039743589747
19503.593495934958,16590.444444444445,18047.018970189703
20510.752,14300.0,17405.376
19122.656934306568,14793.111111111111,16957.88402270884
20015.40163934426,16937.85714285714,18476.6293911007
19343.420168067227,16314.266666666666,17828.843417366945
21383.927419354837,15535.866666666667,18459.89704301075
18751.321739130435,16193.842105263158,17472.581922196798
20043.11111111111,14313.285714285714,17178.19841269841
19588.106796116506,16859.85714285714,18223.981969486824
22725.565656565657,19962.9375,21344.251578282827
19445.709401709402,18245.733333333334,18845.721367521368
22446.235294117647,18142.69230769231,20294.463800904978
20069.530612244896,16148.0,18108.76530612245
23517.691666666666,14186.076923076924,18851.884294871794
20250.457142857143,16952.0,18601.22857142857
21549.802197802197,16289.583333333334,18919.692765567765
20367.34745762712,16381.3,18374.323728813557
22878.736363636363,15316.4,19097.56818181818
22582.428571428572,21511.272727272728,22046.85064935065
22099.346456692914,16882.0,19490.67322834646
23992.14285714286,20103.75,22047.946428571428
21364.96875,16357.846153846154,18861.407451923078
23844.570247933883,16946.764705882353,20395.66747690812
22867.43650793651,18406.352941176472,20636.894724556492
22328.271844660194,23965.11111111111,23146.69147788565
20834.9296875,17157.923076923078,18996.42638221154
20916.040650406503,27394.166666666668,24155.103658536587
23503.252336448597,18894.53846153846,21198.89539899353
23308.621848739494,17575.58823529412,20442.105042016807
23271.0593220339,14040.4,18655.72966101695
20119.397260273974,18140.0,19129.698630136987
22411.691666666666,20133.0,21272.345833333333
22490.367816091955,20748.166666666668,21619.26724137931
22584.25,17573.545454545456,20078.897727272728
25184.89908256881,14837.555555555555,20011.22731906218
21878.495238095238,14831.4,18354.94761904762
20726.033898305086,17376.833333333332,19051.43361581921
27895.6,18150.875,23023.2375
23483.68,22812.0,23147.84
22860.813725490196,19160.69230769231,21010.753016591254
28357.418181818182,19305.5,23831.45909090909
24191.73417721519,23338.88888888889,23765.311533052038
24705.798319327732,17150.909090909092,20928.35370511841
26390.242990654206,15504.833333333334,20947.53816199377
31727.223214285714,20585.0,26156.111607142855
23173.8661971831,18450.176470588234,20812.021333885667
24266.887931034482,19215.214285714286,21741.051108374384
21662.947368421053,16709.0,19185.973684210527
26271.830188679247,17287.947368421053,21779.88877855015
25686.1,18105.75,21895.925
27658.38620689655,17384.416666666668,22521.40143678161
30852.406976744187,16841.238095238095,23846.82253599114
34658.9720670391,22753.117647058825,28706.044857048964
30870.706666666665,22922.75,26896.728333333333
32609.28085106383,20866.647058823528,26737.96395494368
33380.37558685446,25214.4,29297.38779342723
32058.175925925927,25249.41176470588,28653.793845315904
33857.28,29914.714285714286,31885.997142857144
34954.785046728975,23235.75,29095.267523364488
32188.062146892655,23807.333333333332,27997.69774011299
45606.333333333336,,
34202.98536585366,23743.736842105263,28973.361103979463
34030.394594594596,28598.285714285714,31314.340154440157
34790.886227544914,28980.285714285714,31885.585970915316
36105.24817518248,28651.416666666668,32378.332420924577
38869.88349514563,27630.8,33250.34174757281
35252.79245283019,14000.0,24626.396226415094
37581.444444444445,,
33235.5,,
41282.5,31363.5,36323.0
27013.696969696968,10000.0,18506.848484848484
22262.272727272728,20200.0,21231.136363636364
29225.809523809523,25933.333333333332,27579.571428571428
26510.328767123287,22113.25,24311.78938356164
24383.157894736843,17314.76923076923,20848.963562753037
21725.053333333333,16658.0,19191.526666666665
19625.571428571428,16738.30769230769,18181.93956043956
20117.706896551725,17049.916666666668,18583.811781609198
22575.290322580644,19153.0,20864.145161290322
19099.95890410959,18114.285714285714,18607.12230919765
20304.093023255813,15457.615384615385,17880.8542039356
19393.529411764706,19179.5,19286.514705882353
28493.025974025975,15406.25,21949.63798701299
19932.296875,16224.0,18078.1484375
21334.590909090908,19332.375,20333.482954545456
18902.871794871793,17681.7,18292.285897435897
20446.712643678162,18410.1,19428.40632183908
21817.166666666668,16769.727272727272,19293.446969696968
19631.136363636364,16617.8,18124.46818181818
21737.127272727274,18855.555555555555,20296.341414141414
20345.128440366974,15889.636363636364,18117.38240200167
22372.424242424244,20281.363636363636,21326.89393939394
24832.11111111111,15442.857142857143,20137.484126984127
21255.278350515466,16752.153846153848,19003.716098334655
20870.078260869566,19835.0,20352.539130434783
21307.066666666666,17847.636363636364,19577.351515151517
21188.295652173914,16912.058823529413,19050.17723785166
20187.18085106383,16191.666666666666,18189.423758865247
21731.126213592233,17700.8,19715.963106796116
19668.515789473684,16434.444444444445,18051.480116959065
20568.474226804123,17181.53846153846,18875.006344171292
19781.151515151516,21568.875,20675.01325757576
18262.960396039605,18751.7,18507.3301980198
19522.01052631579,13809.777777777777,16665.894152046785
17569.871794871793,16658.8,17114.335897435896
18329.426829268294,18437.9,18383.663414634146
19163.40243902439,18491.5,18827.451219512193
20196.5,19008.333333333332,19602.416666666664
20603.91176470588,18363.75,19483.83088235294
19526.533333333333,17279.1,18402.816666666666
19649.446969696968,17354.428571428572,18501.93777056277
21252.126315789475,13374.857142857143,17313.49172932331
19897.55339805825,17715.25,18806.401699029127
21806.93442622951,18451.0,20128.967213114753
19854.9126984127,15318.538461538461,17586.72557997558
19998.25,20223.2,20110.725
20287.02912621359,15721.272727272728,18004.15092674316
25459.98901098901,15199.2,20329.594505494504
21984.816176470587,22691.4,22338.108088235294
19402.9358974359,16308.545454545454,17855.740675990677
20957.35606060606,17423.3,19190.32803030303
23961.048,18177.222222222223,21069.13511111111
20007.293103448275,18346.3,19176.79655172414
19400.345454545455,19769.0,19584.67272727273
19565.352941176472,17705.6,18635.476470588233
23358.466666666667,20511.909090909092,21935.18787878788
18632.021739130436,15254.75,16943.385869565216
18016.123711340206,17712.1,17864.111855670104
18917.752475247526,17936.090909090908,18426.921692169217
18855.52688172043,12305.0,15580.263440860215
20815.917293233084,17347.0,19081.458646616542
21256.5,16779.2,19017.85
20100.622047244095,13371.6,16736.11102362205
19398.204301075268,15947.875,17673.039650537634
19365.743362831858,20305.272727272728,19835.508045052295
20461.824175824175,20222.666666666668,20342.24542124542
24423.522935779816,19058.666666666668,21741.09480122324
20918.766233766233,18834.2,19876.483116883115
18638.658536585364,16994.066666666666,17816.362601626017
17672.82857142857,17584.333333333332,17628.58095238095
19748.94680851064,18428.81818181818,19088.88249516441
19184.583333333332,17877.615384615383,18531.09935897436
22552.042735042734,17656.3,20104.17136752137
20408.95890410959,15450.0,17929.479452054795
24985.572580645163,18863.833333333332,21924.702956989247
23380.304,17723.153846153848,20551.728923076924
23135.66037735849,21482.0,22308.830188679247
20880.009615384617,15809.4,18344.70480769231
20142.32786885246,18664.076923076922,19403.20239596469
20835.064935064936,17559.222222222223,19197.14357864358
25390.97619047619,15800.0,20595.488095238095
20403.970588235294,18898.0,19650.985294117647
21274.242105263158,18328.416666666668,19801.329385964913
21492.25287356322,19795.875,20644.06393678161
19340.504273504273,19237.5,19289.002136752137
21743.246153846154,16689.090909090908,19216.16853146853
24004.14912280702,20143.4,22073.77456140351
23848.263157894737,18942.923076923078,21395.593117408906
24509.76767676768,16267.09090909091,20388.429292929293
57695.467391304344,18901.214285714286,38298.34083850931
22305.590476190475,22356.25,22330.920238095237
22683.984375,18140.428571428572,20412.206473214286
24294.64347826087,15961.111111111111,20127.87729468599
25749.62365591398,21164.88888888889,23457.256272401435
24036.242424242424,22843.909090909092,23440.07575757576
23010.023255813954,21530.0,22270.011627906977
23378.983606557376,23221.7,23300.341803278687
23488.772151898735,21188.625,22338.69857594937
25638.11650485437,22947.454545454544,24292.785525154457
22712.02666666667,21860.0,22286.013333333336
24666.256097560974,23566.666666666668,24116.46138211382
26216.628205128207,20117.75,23167.1891025641
24534.327272727274,25837.571428571428,25185.949350649353
24413.281690140844,22061.11111111111,23237.196400625977
24707.15625,19731.333333333332,22219.244791666664
25767.881188118812,20767.8,23267.840594059406
26427.463917525773,18488.833333333332,22458.148625429552
24003.397849462366,20373.583333333332,22188.49059139785
24319.75,23752.428571428572,24036.089285714286
23450.287356321838,17953.571428571428,20701.929392446633
25247.968421052632,14044.7,19646.334210526315
25732.343137254902,18379.666666666668,22056.004901960783
27461.79268292683,18475.0,22968.396341463413
25112.15306122449,15750.0,20431.076530612245
23348.988764044945,26187.5,24768.244382022473
25567.383561643837,19684.375,22625.87928082192
23696.930693069306,13505.7,18601.315346534655
25451.558558558558,21378.4,23414.97927927928
25938.327586206895,14075.0,20006.66379310345
23938.31730769231,14374.384615384615,19156.35096153846
25577.29213483146,20300.0,22938.646067415728
26173.724137931036,19685.222222222223,22929.47318007663
25664.833333333332,16107.454545454546,20886.14393939394
25515.98795180723,17787.0,21651.493975903613
28470.476923076923,18260.0,23365.23846153846
26895.813186813186,25869.0,26382.406593406595
23893.722891566264,23427.777777777777,23660.75033467202
26387.647887323943,21466.666666666668,23927.157276995305
23317.330275229357,15718.75,19518.040137614676
25525.54651162791,22327.363636363636,23926.45507399577
25130.53846153846,22125.0,23627.76923076923
27065.6261682243,13995.461538461539,20530.54385334292
25290.76388888889,22233.333333333332,23762.04861111111
25656.20634920635,26122.75,25889.478174603173
25872.444444444445,20291.625,23082.034722222223
23938.508196721312,8750.0,16344.254098360656
26175.363636363636,8366.75,17271.056818181816
25965.52380952381,30000.0,27982.761904761905
24768.526315789473,12000.0,18384.263157894737
26995.044444444444,28277.666666666668,27636.355555555558
27070.268656716416,33071.42857142857,30070.848614072493
31695.82608695652,51222.333333333336,41459.07971014493
26194.26,26025.0,26109.629999999997
25952.01724137931,14550.0,20251.008620689656
29628.603448275862,27233.333333333332,28430.9683908046
27710.2,19925.0,23817.6
31138.725490196077,12050.0,21594.36274509804
26802.815789473683,21200.0,24001.40789473684
26431.43396226415,14590.0,20510.716981132075
28909.81395348837,28000.0,28454.906976744183
25651.029411764706,,
26150.68,,
27613.119047619046,,
30018.941176470587,18500.0,24259.470588235294
32359.956521739132,23000.0,27679.978260869568
26816.645161290322,7000.0,16908.32258064516
25589.076923076922,,
30036.875,,
2000.0,,
27712.15,23300.0,25506.075
22876.25641025641,,
26957.939393939392,55167.0,41062.469696969696
24564.95,,
21344.928571428572,,
16419.0,,
20741.0,,
18983.2,,
19563.066666666666,,
19414.125,,
17495.2,4000.0,10747.6
13137.0,,
18177.428571428572,,
11845.625,,
16840.166666666668,,
18242.8,,
14660.8,,
18009.25,,
16525.0,,
14590.666666666666,,
16000.0,6375.0,11187.5
13000.0,,
34837.5,,
6000.0,,
62865.38461538462,28500.0,45682.69230769231
10300.0,,
13385.5,,
10235.0,,
8000.0,,
4100.0,,
14900.0,,
14200.0,,
10650.0,,
16520.0,,
15167.0,,
15100.0,,
23600.0,,
16833.333333333332,,
15183.5,6500.0,10841.75
29644.333333333332,,
21287.363636363636,,
26389.285714285714,,
31825.0,,
29277.785714285714,,
35549.61538461538,,
30798.0,27000.0,28899.0
31183.394736842107,,
29554.166666666668,,
30114.212765957447,29833.5,29973.856382978724
31146.5641025641,28439.666666666668,29793.115384615383
30261.684210526317,27080.0,28670.84210526316
29307.43076923077,29731.333333333332,29519.382051282053
29013.166666666668,24394.25,26703.708333333336
27294.267605633802,24223.75,25759.0088028169
24764.565217391304,28484.333333333332,26624.44927536232
22247.0,19050.6,20648.8
21834.214285714286,21084.333333333332,21459.27380952381
20064.657142857144,20639.75,20352.203571428574
21993.41304347826,17214.166666666668,19603.789855072464
22297.708333333332,22855.666666666668,22576.6875
21528.645833333332,23334.333333333332,22431.489583333332
21884.137931034482,13471.75,17677.94396551724
24602.444444444445,17097.333333333332,20849.88888888889
21626.753846153846,22083.4,21855.076923076922
20655.473684210527,19362.4,20008.936842105264
20020.010638297874,14750.363636363636,17385.187137330755
18747.752136752137,18546.714285714286,18647.23321123321
17281.906542056076,18305.666666666668,17793.786604361372
17390.1935483871,15963.75,16676.97177419355
19315.823529411766,17831.25,18573.53676470588
17916.165289256198,19152.875,18534.5201446281
18609.24,16924.333333333332,17766.786666666667
18004.071428571428,20858.5,19431.285714285714
16806.14423076923,17584.375,17195.259615384617
15061.378640776698,16704.1875,15882.783070388348
17049.4,18432.9,17741.15
18802.01,17758.416666666668,18280.213333333333
18404.065217391304,16036.0,17220.032608695652
17860.776315789473,18641.166666666668,18250.97149122807
16723.055555555555,22997.5,19860.277777777777
17000.082474226805,17206.777777777777,17103.43012600229
17197.015384615384,13536.5,15366.757692307692
18390.507462686568,13919.25,16154.878731343284
16765.37037037037,16933.0,16849.185185185182
18471.788732394365,16923.25,17697.519366197183
15876.181818181818,8900.0,12388.090909090908
16221.102564102564,18833.5,17527.30128205128
17706.703125,18250.0,17978.3515625
18690.076923076922,18111.0,18400.53846153846
19907.8,15089.0,17498.4
21711.54411764706,19797.5,20754.52205882353
22275.69230769231,,
19180.611940298506,31250.0,25215.305970149253
18754.410256410258,8400.0,13577.205128205129
18594.925,14078.57142857143,16336.748214285715
18642.897435897437,14000.0,16321.448717948719
18348.37037037037,17299.333333333332,17823.85185185185
22664.413333333334,16860.333333333332,19762.373333333333
20878.923076923078,22394.2,21636.561538461538
21025.739130434784,17790.5,19408.119565217392
21268.146341463416,22545.0,21906.57317073171
20140.264705882353,29000.0,24570.132352941175
19083.172839506173,19778.466666666667,19430.81975308642
18485.220588235294,27887.5,23186.360294117647
19160.41379310345,17161.85714285714,18161.135467980297
19773.75,19225.0,19499.375
18423.53846153846,15888.888888888889,17156.213675213676
20933.20987654321,13810.714285714286,17371.962081128746
22477.891304347828,13055.555555555555,17766.723429951693
22790.01886792453,15744.888888888889,19267.453878406708
20017.516129032258,12559.222222222223,16288.36917562724
24619.756097560974,13892.857142857143,19256.30662020906
